Current Name,Suggested Canonical Name,Status,corrected_Name,Source
Aajameedha,Ajamidha,Review,Ajamidha,Column B
Aamahavya,Aamahavya,OK,Amahavya,Manual
Aamahiyava,Aamahiyava,OK,Amahiyava,Manual
Aarshtimshena,Arshtishena,Review,Arshtishena,Column B
Abharadvasu,Abharadvasu,OK,OK,OK
Agastya,Agastya,OK,OK,OK
Aghamarsana,Aghamarsana,OK,Aghamarshana,Manual
Aja,Aja,OK,OK,OK
Ajamidha,Ajamidha,OK,OK,OK
Ajigita,Ajigita,OK,Ajigarta,Manual
Ambarisha,Ambarisha,OK,OK,OK
Ammabhuva,Ammabhuva,OK,OK,OK
Angeras,Angirasa,Review,Angirasa,Column B
Angiras,Angirasa,Review,Angiras,Column A
Angirasa,Angirasa,OK,OK,OK
Anupa,Anupa,OK,OK,OK
Aotathya,Autathya,Review,Autathya,Column B
Aoujisha,Aoujisha,OK,Aushija,Manual
Aourukshaya,Aurukshaya,Review,Aurukshaya,Column B
Aoushnasa,Aoushnasa,OK,Aushanasa,Manual
Aoutathya,Autathya,Review,Autathya,Column B
Aouthya,Aouthya,OK,Autathya,Manual
Apnavana,Apnavana,OK,OK,OK
Archaanasa,Archananasa,Review,Archananasa,Column B
Archanaanas,Archananasa,Review,Archananasa,Column B
Archananasa,Archananasa,OK,OK,OK
Arshtishena,Arshtishena,OK,OK,OK
Ashtaadamshtra,Ashtaadamshtra,OK,OK,OK
Asita,Asita,OK,OK,OK
Astaka,Astaka,OK,Ashtaka,Manual
Atitha,Atitha,OK,OK,OK
Atmabhu,Atmabhu,OK,OK,OK
Atreya,Atreya,OK,OK,OK
Audala,Audala,OK,OK,OK
Aulita,Aulita,OK,OK,OK
Aurukshaya,Aurukshaya,OK,OK,OK
Aurushaya,Aurukshaya,Review,Aurukshaya,Column B
Aurva,Aurva,OK,OK,OK
Ausanasa,Ausanasa,OK,Aushanasa,Manual
Ausija,Ausija,OK,Aushija,Manual
Autathya,Autathya,OK,OK,OK
Avatsara,Avatsara,OK,OK,OK
Ayasya,Ayasya,OK,OK,OK
Baida,Baida,OK,OK,OK
Baija,Baija,OK,OK,OK
Barhadyukta,Brhadyuktha,Review,Brhadyuktha,Column B
Barhaspatya,Barhaspatya,OK,OK,OK
Bhaamyashwa,Bharmyashva,Review,Bharmyashva,Column B
Bharadwaja,Bharadwaja,OK,OK,OK
Bharawaaja,Bharadwaja,Review,Bharadwaja,Column B
Bhardwaja,Bharadwaja,Review,Bharadwaja,Column B
Bhargava,Bhargava,OK,OK,OK
Bharmyashva,Bharmyashva,OK,OK,OK
Brhadyuktha,Brhadyuktha,OK,OK,OK
Bruhudhyuta,Bruhudhyuta,OK,Brihadyumna,Manual
Chaitya,Chaitya,OK,OK,OK
Chyavana,Chyavana,OK,OK,OK
Daadharyachyuta,Daadharyachyuta,OK,OK,OK
Daivadasa,Daivadasa,OK,OK,OK
Daivatarasa,Daivatarasa,OK,OK,OK
Daivodaasa,Daivadasa,Review,Daivadasa,Column B
Darbhavaaha,Darbhavaaha,OK,OK,OK
Devala,Devala,OK,OK,OK
Devarata,Devarata,OK,OK,OK
Devasravasa,Devasravasa,OK,OK,OK
Dhananjaya,Dhananjaya,OK,OK,OK
Dirgha Tamasa,Dirghatamas,Review,Dirghatamas,Column B
Dirghatamas,Dirghatamas,OK,OK,OK
Drdhachyuta,Drdhachyuta,OK,OK,OK
Dridhacyuta,Drdhachyuta,Review,Drdhachyuta,Column B
Gaartsamada,Grtsamada,Review,Grtsamada,Column B
Garga,Garga,OK,OK,OK
Gargya,Gargya,OK,OK,OK
Gaurivita,Gaurivita,OK,Gauriviti,Manual
Gautama,Gautama,OK,OK,OK
Gavishthara,Gavishtira,Review,Gavishtira,Column B
Gavishtira,Gavishtira,OK,OK,OK
Ghora,Ghora,OK,OK,OK
Ghoura,Ghoura,OK,Ghora,Manual
Gouytama,Gouytama,OK,Gautama,Manual
Grtsamada,Grtsamada,OK,OK,OK
Haimavarchi,Haimavarchi,OK,OK,OK
Haimodaka,Himodaka,Review,Himodaka,Column B
Himodaka,Himodaka,OK,OK,OK
Idhmavaha,Idhmavaha,OK,OK,OK
Indra,Indra,OK,OK,OK
Indrapramada,Indrapramada,OK,OK,OK
Jamadagnya,Jamadagnya,OK,OK,OK
Jatukarnya,Jatukarnya,OK,OK,OK
Jyotisha,Jyotisha,OK,OK,OK
Kaakshivata,Kaakshivata,OK,Kakshivat,Manual
Kadhaka,Kadhaka,OK,OK,OK
Kanva,Kanva,OK,OK,OK
Karenupaalaya,Karenupaalaya,OK,OK,OK
Karenupala,Karenupala,OK,OK,OK
Kasyapa,Kasyapa,OK,Kashyapa,Manual
Katya,Katya,OK,OK,OK
Kaundinya,Kaundinya,OK,OK,OK
Kausika,Kausika,OK,Kaushika,Manual
Komanda,Komanda,OK,OK,OK
Koumanda,Komanda,Review,Komanda,Column B
Koutsa,Koutsa,OK,Kautsa,Manual
Kutsa,Kutsa,OK,OK,OK
Lohita,Lohita,OK,OK,OK
Maathara,Maathara,OK,OK,OK
Maayobhava,Mayobhuva,Review,Mayobhuva,Column B
Madhucchandasa,Madhuchhandasa,Review,Madhuchhandasa,Column B
Madhuchhandasa,Madhuchhandasa,OK,OK,OK
Mahendra,Mahendra,OK,OK,OK
Maitravaruna,Maitravaruna,OK,OK,OK
Mandhaatru,Mandhatr,Review,Mandhatr,Column B
Mandhatr,Mandhatr,OK,OK,OK
Mandhatra,Mandhatr,Review,Mandhatr,Column B
Matavachasa,Matavachasa,OK,OK,OK
Mathita,Mathita,OK,OK,OK
Maudgalya,Maudgalya,OK,OK,OK
Mayobhuva,Mayobhuva,OK,OK,OK
Moudugalya,Moudugalya,OK,Maudgalya,Manual
Mougulya,Mougulya,OK,Maudgalya,Manual
Naidhruva,Naidhruva,OK,OK,OK
Nidhruva,Naidhruva,Review,Naidhruva,Column B
Paartha,Paartha,OK,OK,OK
Painayaka,Painayaka,OK,OK,OK
Panika,Panika,OK,OK,OK
Parana,Parana,OK,OK,OK
Parasarya,Parasarya,OK,Parasharya,Manual
Parshvadasva,Parshvadasva,OK,OK,OK
Parshwadash,Parshwadash,OK,OK,OK
Paurnamasa,Paurnamasa,OK,OK,OK
Paurukutsya,Paurukutsya,OK,OK,OK
Pautrika,Pautrika,OK,OK,OK
Pournomaasa,Pournomaasa,OK,Paurnamasa,Manual
Pourodhasa,Pourodhasa,OK,Paurodhasa,Manual
Pourukutsthya,Pourukutsthya,OK,Paurukutsya,Manual
Pourvaathita,Purvatitha,Review,Purvatitha,Column B
Purukutsa,Purukutsa,OK,OK,OK
Purvatitha,Purvatitha,OK,OK,OK
Raghuva,Raghuva,OK,OK,OK
Rahugana,Rahugana,OK,OK,OK
Raibha,Raibha,OK,Raibhya,Manual
Raibhya,Raibha,Review,Raibhya,Column A
Raivasa,Raivasa,OK,OK,OK
Rathitara,Rathitara,OK,OK,OK
Rebha,Rebha,OK,OK,OK
Sainya,Sainya,OK,OK,OK
Saktya,Saktya,OK,OK,OK
Salankayana,Salankayana,OK,OK,OK
Samahavya,Samahavya,OK,OK,OK
Sambhavaaha,Sambhavaaha,OK,OK,OK
Sandilya,Sandilya,OK,Shandilya,Manual
Sankritya,Sankritya,OK,OK,OK
Saradvata,Saradvata,OK,Sharadvata,Manual
Saravaha,Saravaha,OK,OK,OK
Satya,Satya,OK,OK,OK
Saunahotra,Saunahotra,OK,Shaunahotra,Manual
Savaakbhuktaka,Savaakbhuktaka,OK,OK,OK
Savetasa,Savetasa,OK,OK,OK
Shaathara,Shaathara,OK,OK,OK
Shandila,Sandilya,Review,Sandilya,Column B
Sharadhata,Saradvata,Review,Saradvata,Column B
Shounaka,Shunaka,Review,Shunaka,Column B
Shounhotra,Shounhotra,OK,Shaunahotra,Manual
Shunahotra,Saunahotra,Review,Saunahotra,Column B
Shunaka,Shunaka,OK,OK,OK
Somarajya,Somarajya,OK,OK,OK
Somavaha,Somavaha,OK,OK,OK
Syavasva,Syavasva,OK,Shyavashva,Manual
Tarksya,Tarksya,OK,Tarkshya,Manual
Trasadasva,Trasadasva,OK,OK,OK
Trasadasyu,Trasadasyu,OK,OK,OK
Urukshaya,Urukshaya,OK,OK,OK
Utathya,Utathya,OK,OK,OK
Vaadhyashwa,Vadhryashva,Review,Vadhryashva,Column B
Vaatsya,Vaatsya,OK,OK,OK
Vadhryashva,Vadhryashva,OK,OK,OK
Vaida,Vaida,OK,OK,OK
Vainya,Vainya,OK,OK,OK
Vairupa,Vairupa,OK,OK,OK
Vaitahavya,Veetahavya,Review,Vaitahavya,Column A
Vamadeva,Vamadeva,OK,OK,OK
Vamadeya,Vamadeva,Review,Vamadeva,Column B
Vamarathya,Vamarathya,OK,OK,OK
Vandana,Vandana,OK,OK,OK
Vara,Vara,OK,OK,OK
Vashishta,Vashishta,OK,Vasishtha,Manual
Vathyashva,Vadhryashva,Review,Vadhryashva,Column B
Veda Vaishwa,Veda Vaishwa,OK,OK,OK
Veetahavya,Veetahavya,OK,Vitahavya,Manual
Visvamitra,Visvamitra,OK,Vishvamitra,Manual
Yagnavaaha,Yajnavaha,Review,Yajnavaha,Column B
Yajnavaha,Yajnavaha,OK,OK,OK
Yauvanashva,Yauvanashva,OK,OK,OK
Yuvanasva,Yauvanashva,Review,Yauvanashva,Column B
